"表題：","都道府県・市区町村のすがた（社会・人口統計体系）"
"公開日：","2025年06月20日"

"***","調査又は集計していないもの"
"-","データが得られないもの"
"X","数値が秘匿されているもの"

"","","","","/項目 コード","A1102","","A110201","","A110202","","A141501","","A141502","","A141601","","A141602","","A141701","","A141702","","A141801","","A141802","","A191003","","A191005","","A191007","","A5103","","A5104","","A7101","","I5101","","I510120","","I510150","","I5102","","I510201","","J230113","","J230133","","J230223",""
"調査年 コード","調査年","地域 コード","地域","/項目","A1102_日本人人口【人】","注釈","A110201_日本人人口（男）【人】","注釈","A110202_日本人人口（女）【人】","注釈","A141501_40歳以上人口（男）【人】","注釈","A141502_40歳以上人口（女）【人】","注釈","A141601_60歳以上人口（男）【人】","注釈","A141602_60歳以上人口（女）【人】","注釈","A141701_70歳以上人口（男）【人】","注釈","A141702_70歳以上人口（女）【人】","注釈","A141801_80歳以上人口（男）【人】","注釈","A141802_80歳以上人口（女）【人】","注釈","A191003_将来推計人口（2030年）【人】","注釈","A191005_将来推計人口（2040年）【人】","注釈","A191007_将来推計人口（2050年）【人】","注釈","A5103_転入者数【人】","注釈","A5104_転出者数【人】","注釈","A7101_世帯数【世帯】","注釈","I5101_病院数【施設】","注釈","I510120_一般病院数【施設】","注釈","I510150_療養病床を有する病院数【施設】","注釈","I5102_一般診療所数【施設】","注釈","I510201_有床一般診療所数【施設】","注釈","J230113_養護老人ホーム在所者数（詳細票）【人】","注釈","J230133_軽費老人ホーム在所者数（詳細票）【人】","注釈","J230223_有料老人ホーム在所者数（詳細票）【人】","注釈"
"2023100000","2023年度","40130","福岡県 福岡市","","***","","***","","***","","***","","***","","***","","***","","***","","***","","***","","***","","1,659,766","","1,664,570","","1,622,565","","115,703","","106,792","","***","","***","","***","","***","","***","","***","","***","","***","","***",""
"2023100000","2023年度","40131","福岡県 福岡市 東区","","***","","***","","***","","***","","***","","***","","***","","***","","***","","***","","***","","337,419","","342,329","","336,456","","20,641","","17,585","","***","","***","","***","","***","","***","","***","","***","","***","","***",""
"2023100000","2023年度","40132","福岡県 福岡市 博多区","","***","","***","","***","","***","","***","","***","","***","","***","","***","","***","","***","","264,024","","268,105","","261,251","","25,991","","24,927","","***","","***","","***","","***","","***","","***","","***","","***","","***",""
"2023100000","2023年度","40133","福岡県 福岡市 中央区","","***","","***","","***","","***","","***","","***","","***","","***","","***","","***","","***","","216,298","","219,891","","215,117","","18,956","","17,953","","***","","***","","***","","***","","***","","***","","***","","***","","***",""
"2023100000","2023年度","40134","福岡県 福岡市 南区","","***","","***","","***","","***","","***","","***","","***","","***","","***","","***","","***","","269,267","","268,060","","260,729","","16,695","","15,601","","***","","***","","***","","***","","***","","***","","***","","***","","***",""
"2023100000","2023年度","40135","福岡県 福岡市 西区","","***","","***","","***","","***","","***","","***","","***","","***","","***","","***","","***","","219,753","","220,863","","216,215","","11,980","","11,169","","***","","***","","***","","***","","***","","***","","***","","***","","***",""
"2023100000","2023年度","40136","福岡県 福岡市 城南区","","***","","***","","***","","***","","***","","***","","***","","***","","***","","***","","***","","132,957","","130,052","","124,969","","8,236","","7,601","","***","","***","","***","","***","","***","","***","","***","","***","","***",""
"2023100000","2023年度","40137","福岡県 福岡市 早良区","","***","","***","","***","","***","","***","","***","","***","","***","","***","","***","","***","","220,048","","215,270","","207,828","","13,204","","11,956","","***","","***","","***","","***","","***","","***","","***","","***","","***",""
"2022100000","2022年度","40130","福岡県 福岡市","","***","","***","","***","","***","","***","","***","","***","","***","","***","","***","","***","","***","","***","","***","","115,355","","109,324","","***","","115","","102","","43","","1,662","","119","","***","","***","","***",""
"2022100000","2022年度","40131","福岡県 福岡市 東区","","***","","***","","***","","***","","***","","***","","***","","***","","***","","***","","***","","***","","***","","***","","19,992","","18,099","","***","","21","","18","","9","","220","","17","","***","","***","","***",""
"2022100000","2022年度","40132","福岡県 福岡市 博多区","","***","","***","","***","","***","","***","","***","","***","","***","","***","","***","","***","","***","","***","","***","","25,713","","25,561","","***","","17","","17","","5","","291","","17","","***","","***","","***",""
"2022100000","2022年度","40133","福岡県 福岡市 中央区","","***","","***","","***","","***","","***","","***","","***","","***","","***","","***","","***","","***","","***","","***","","20,104","","17,956","","***","","16","","15","","4","","428","","20","","***","","***","","***",""
"2022100000","2022年度","40134","福岡県 福岡市 南区","","***","","***","","***","","***","","***","","***","","***","","***","","***","","***","","***","","***","","***","","***","","16,423","","15,971","","***","","18","","15","","6","","230","","16","","***","","***","","***",""
"2022100000","2022年度","40135","福岡県 福岡市 西区","","***","","***","","***","","***","","***","","***","","***","","***","","***","","***","","***","","***","","***","","***","","11,807","","11,517","","***","","21","","16","","11","","179","","18","","***","","***","","***",""
"2022100000","2022年度","40136","福岡県 福岡市 城南区","","***","","***","","***","","***","","***","","***","","***","","***","","***","","***","","***","","***","","***","","***","","7,984","","7,686","","***","","9","","8","","3","","101","","9","","***","","***","","***",""
"2022100000","2022年度","40137","福岡県 福岡市 早良区","","***","","***","","***","","***","","***","","***","","***","","***","","***","","***","","***","","***","","***","","***","","13,332","","12,534","","***","","13","","13","","5","","213","","22","","***","","***","","***",""
"2021100000","2021年度","40130","福岡県 福岡市","","***","","***","","***","","***","","***","","***","","***","","***","","***","","***","","***","","***","","***","","***","","113,971","","106,813","","***","","115","","102","","42","","1,640","","124","","***","","***","","***",""
"2021100000","2021年度","40131","福岡県 福岡市 東区","","***","","***","","***","","***","","***","","***","","***","","***","","***","","***","","***","","***","","***","","***","","20,536","","17,722","","***","","21","","18","","9","","212","","19","","***","","***","","***",""
"2021100000","2021年度","40132","福岡県 福岡市 博多区","","***","","***","","***","","***","","***","","***","","***","","***","","***","","***","","***","","***","","***","","***","","24,583","","24,687","","***","","18","","18","","5","","291","","17","","***","","***","","***",""
"2021100000","2021年度","40133","福岡県 福岡市 中央区","","***","","***","","***","","***","","***","","***","","***","","***","","***","","***","","***","","***","","***","","***","","19,896","","18,121","","***","","15","","14","","3","","425","","20","","***","","***","","***",""
"2021100000","2021年度","40134","福岡県 福岡市 南区","","***","","***","","***","","***","","***","","***","","***","","***","","***","","***","","***","","***","","***","","***","","16,634","","15,390","","***","","18","","15","","6","","225","","16","","***","","***","","***",""
"2021100000","2021年度","40135","福岡県 福岡市 西区","","***","","***","","***","","***","","***","","***","","***","","***","","***","","***","","***","","***","","***","","***","","11,268","","11,330","","***","","21","","16","","11","","175","","18","","***","","***","","***",""
"2021100000","2021年度","40136","福岡県 福岡市 城南区","","***","","***","","***","","***","","***","","***","","***","","***","","***","","***","","***","","***","","***","","***","","8,024","","7,509","","***","","9","","8","","3","","103","","11","","***","","***","","***",""
"2021100000","2021年度","40137","福岡県 福岡市 早良区","","***","","***","","***","","***","","***","","***","","***","","***","","***","","***","","***","","***","","***","","***","","13,030","","12,054","","***","","13","","13","","5","","209","","23","","***","","***","","***",""
"2020100000","2020年度","40130","福岡県 福岡市","","1,504,528","","705,628","","798,900","","387,794","","464,132","","179,829","","240,529","","100,380","","152,820","","33,650","","68,110","","***","","***","","***","","114,455","","106,546","","831,124","","114","","101","","44","","1,598","","126","","***","","***","","***",""
"2020100000","2020年度","40131","福岡県 福岡市 東区","","303,800","","146,545","","157,255","","80,604","","91,935","","37,833","","48,357","","21,206","","30,676","","6,963","","13,655","","***","","***","","***","","20,236","","17,628","","156,362","","21","","18","","9","","209","","19","","***","","***","","***",""
"2020100000","2020年度","40132","福岡県 福岡市 博多区","","223,016","","107,271","","115,745","","54,754","","60,058","","22,601","","29,856","","12,019","","18,993","","3,788","","8,659","","***","","***","","***","","24,831","","24,186","","154,640","","18","","18","","6","","280","","17","","***","","***","","***",""
"2020100000","2020年度","40133","福岡県 福岡市 中央区","","184,272","","81,245","","103,027","","44,017","","57,331","","18,208","","26,179","","9,714","","16,013","","3,181","","6,885","","***","","***","","***","","19,878","","17,715","","127,391","","15","","14","","3","","404","","22","","***","","***","","***",""
"2020100000","2020年度","40134","福岡県 福岡市 南区","","253,840","","117,309","","136,531","","66,242","","81,380","","31,576","","42,825","","17,739","","27,416","","6,047","","12,175","","***","","***","","***","","16,361","","15,492","","129,031","","18","","15","","6","","223","","16","","***","","***","","***",""
"2020100000","2020年度","40135","福岡県 福岡市 西区","","200,541","","94,577","","105,964","","51,957","","64,059","","25,623","","34,451","","14,956","","22,462","","5,304","","10,309","","***","","***","","***","","11,597","","11,761","","95,698","","20","","15","","12","","170","","18","","***","","***","","***",""
"2020100000","2020年度","40136","福岡県 福岡市 城南区","","124,788","","58,487","","66,301","","32,685","","39,991","","16,245","","21,984","","9,274","","14,043","","3,207","","6,242","","***","","***","","***","","8,376","","7,642","","67,367","","9","","8","","3","","104","","11","","***","","***","","***",""
"2020100000","2020年度","40137","福岡県 福岡市 早良区","","214,271","","100,194","","114,077","","57,535","","69,378","","27,743","","36,877","","15,472","","23,217","","5,160","","10,185","","***","","***","","***","","13,176","","12,122","","100,635","","13","","13","","5","","208","","23","","***","","***","","***",""
"2019100000","2019年度","40130","福岡県 福岡市","","***","","***","","***","","***","","***","","***","","***","","***","","***","","***","","***","","***","","***","","***","","115,642","","107,451","","***","","114","","101","","44","","1,586","","131","","***","","***","","***",""
"2019100000","2019年度","40131","福岡県 福岡市 東区","","***","","***","","***","","***","","***","","***","","***","","***","","***","","***","","***","","***","","***","","***","","20,554","","18,277","","***","","21","","18","","9","","209","","20","","***","","***","","***",""
"2019100000","2019年度","40132","福岡県 福岡市 博多区","","***","","***","","***","","***","","***","","***","","***","","***","","***","","***","","***","","***","","***","","***","","25,525","","23,801","","***","","18","","18","","6","","276","","17","","***","","***","","***",""
"2019100000","2019年度","40133","福岡県 福岡市 中央区","","***","","***","","***","","***","","***","","***","","***","","***","","***","","***","","***","","***","","***","","***","","19,887","","17,690","","***","","15","","14","","3","","398","","23","","***","","***","","***",""
"2019100000","2019年度","40134","福岡県 福岡市 南区","","***","","***","","***","","***","","***","","***","","***","","***","","***","","***","","***","","***","","***","","***","","16,575","","15,341","","***","","18","","15","","6","","225","","17","","***","","***","","***",""
"2019100000","2019年度","40135","福岡県 福岡市 西区","","***","","***","","***","","***","","***","","***","","***","","***","","***","","***","","***","","***","","***","","***","","11,562","","11,875","","***","","20","","15","","12","","163","","18","","***","","***","","***",""
"2019100000","2019年度","40136","福岡県 福岡市 城南区","","***","","***","","***","","***","","***","","***","","***","","***","","***","","***","","***","","***","","***","","***","","8,266","","7,819","","***","","9","","8","","3","","105","","12","","***","","***","","***",""
"2019100000","2019年度","40137","福岡県 福岡市 早良区","","***","","***","","***","","***","","***","","***","","***","","***","","***","","***","","***","","***","","***","","***","","13,273","","12,648","","***","","13","","13","","5","","210","","24","","***","","***","","***",""
"2018100000","2018年度","40130","福岡県 福岡市","","***","","***","","***","","***","","***","","***","","***","","***","","***","","***","","***","","***","","***","","***","","113,249","","107,111","","***","","114","","101","","45","","1,574","","138","","***","","***","","***",""
"2018100000","2018年度","40131","福岡県 福岡市 東区","","***","","***","","***","","***","","***","","***","","***","","***","","***","","***","","***","","***","","***","","***","","18,902","","18,610","","***","","21","","18","","9","","209","","21","","***","","***","","***",""
"2018100000","2018年度","40132","福岡県 福岡市 博多区","","***","","***","","***","","***","","***","","***","","***","","***","","***","","***","","***","","***","","***","","***","","24,975","","23,422","","***","","17","","17","","6","","268","","17","","***","","***","","***",""
"2018100000","2018年度","40133","福岡県 福岡市 中央区","","***","","***","","***","","***","","***","","***","","***","","***","","***","","***","","***","","***","","***","","***","","19,365","","17,702","","***","","16","","15","","4","","393","","24","","***","","***","","***",""
"2018100000","2018年度","40134","福岡県 福岡市 南区","","***","","***","","***","","***","","***","","***","","***","","***","","***","","***","","***","","***","","***","","***","","16,424","","15,243","","***","","18","","15","","6","","226","","18","","***","","***","","***",""
"2018100000","2018年度","40135","福岡県 福岡市 西区","","***","","***","","***","","***","","***","","***","","***","","***","","***","","***","","***","","***","","***","","***","","12,179","","11,520","","***","","20","","15","","12","","164","","20","","***","","***","","***",""
"2018100000","2018年度","40136","福岡県 福岡市 城南区","","***","","***","","***","","***","","***","","***","","***","","***","","***","","***","","***","","***","","***","","***","","8,415","","7,775","","***","","9","","8","","3","","105","","13","","***","","***","","***",""
"2018100000","2018年度","40137","福岡県 福岡市 早良区","","***","","***","","***","","***","","***","","***","","***","","***","","***","","***","","***","","***","","***","","***","","12,989","","12,839","","***","","13","","13","","5","","209","","25","","***","","***","","***",""
"2017100000","2017年度","40130","福岡県 福岡市","","***","","***","","***","","***","","***","","***","","***","","***","","***","","***","","***","","1,667,501","","1,671,888","","***","","***","","***","","***","","116","","103","","47","","1,555","","143","","192","","1,068","","7,119",""
"2017100000","2017年度","40131","福岡県 福岡市 東区","","***","","***","","***","","***","","***","","***","","***","","***","","***","","***","","***","","335,140","","337,957","","***","","***","","***","","***","","22","","19","","10","","207","","20","","90","","406","","1,494",""
"2017100000","2017年度","40132","福岡県 福岡市 博多区","","***","","***","","***","","***","","***","","***","","***","","***","","***","","***","","***","","255,649","","258,408","","***","","***","","***","","***","","18","","18","","6","","269","","18","","0","","181","","1,024",""
"2017100000","2017年度","40133","福岡県 福岡市 中央区","","***","","***","","***","","***","","***","","***","","***","","***","","***","","***","","***","","218,687","","221,756","","***","","***","","***","","***","","16","","15","","5","","382","","25","","0","","122","","487",""
"2017100000","2017年度","40134","福岡県 福岡市 南区","","***","","***","","***","","***","","***","","***","","***","","***","","***","","***","","***","","266,928","","263,382","","***","","***","","***","","***","","18","","15","","6","","223","","18","","50","","19","","1,084",""
"2017100000","2017年度","40135","福岡県 福岡市 西区","","***","","***","","***","","***","","***","","***","","***","","***","","***","","***","","***","","230,246","","234,251","","***","","***","","***","","***","","20","","15","","12","","163","","23","","52","","243","","1,162",""
"2017100000","2017年度","40136","福岡県 福岡市 城南区","","***","","***","","***","","***","","***","","***","","***","","***","","***","","***","","***","","133,873","","131,277","","***","","***","","***","","***","","9","","8","","3","","104","","14","","0","","70","","661",""
"2017100000","2017年度","40137","福岡県 福岡市 早良区","","***","","***","","***","","***","","***","","***","","***","","***","","***","","***","","***","","226,978","","224,857","","***","","***","","***","","***","","13","","13","","5","","207","","25","","0","","27","","1,207",""
"2016100000","2016年度","40130","福岡県 福岡市","","***","","***","","***","","***","","***","","***","","***","","***","","***","","***","","***","","***","","***","","***","","***","","***","","***","","115","","102","","47","","1,528","","148","","210","","1,103","","7,257",""
"2016100000","2016年度","40131","福岡県 福岡市 東区","","***","","***","","***","","***","","***","","***","","***","","***","","***","","***","","***","","***","","***","","***","","***","","***","","***","","22","","19","","10","","209","","20","","99","","416","","1,427",""
"2016100000","2016年度","40132","福岡県 福岡市 博多区","","***","","***","","***","","***","","***","","***","","***","","***","","***","","***","","***","","***","","***","","***","","***","","***","","***","","17","","17","","6","","264","","19","","0","","185","","1,089",""
"2016100000","2016年度","40133","福岡県 福岡市 中央区","","***","","***","","***","","***","","***","","***","","***","","***","","***","","***","","***","","***","","***","","***","","***","","***","","***","","17","","16","","5","","368","","27","","0","","123","","501",""
"2016100000","2016年度","40134","福岡県 福岡市 南区","","***","","***","","***","","***","","***","","***","","***","","***","","***","","***","","***","","***","","***","","***","","***","","***","","***","","17","","14","","6","","222","","18","","0","","18","","1,314",""
"2016100000","2016年度","40135","福岡県 福岡市 西区","","***","","***","","***","","***","","***","","***","","***","","***","","***","","***","","***","","***","","***","","***","","***","","***","","***","","20","","15","","12","","156","","23","","111","","246","","1,230",""
"2016100000","2016年度","40136","福岡県 福岡市 城南区","","***","","***","","***","","***","","***","","***","","***","","***","","***","","***","","***","","***","","***","","***","","***","","***","","***","","9","","8","","3","","105","","15","","0","","87","","575",""
"2016100000","2016年度","40137","福岡県 福岡市 早良区","","***","","***","","***","","***","","***","","***","","***","","***","","***","","***","","***","","***","","***","","***","","***","","***","","***","","13","","13","","5","","204","","26","","0","","28","","1,121",""
"2015100000","2015年度","40130","福岡県 福岡市","","1,478,656","","696,551","","782,105","","372,245","","444,855","","172,816","","232,328","","82,089","","131,359","","28,131","","58,319","","***","","***","","***","","***","","***","","764,820","","116","","103","","46","","1,493","","149","","271","","1,119","","6,351",""
"2015100000","2015年度","40131","福岡県 福岡市 東区","","293,776","","142,497","","151,279","","75,761","","85,859","","35,393","","45,185","","16,793","","25,625","","5,777","","11,576","","***","","***","","***","","***","","***","","141,682","","23","","20","","10","","203","","21","","154","","419","","1,447",""
"2015100000","2015年度","40132","福岡県 福岡市 博多区","","207,703","","99,427","","108,276","","53,466","","59,920","","23,567","","31,471","","10,498","","17,769","","3,308","","7,710","","***","","***","","***","","***","","***","","138,832","","16","","16","","5","","255","","19","","0","","181","","965",""
"2015100000","2015年度","40133","福岡県 福岡市 中央区","","183,547","","81,178","","102,369","","43,100","","54,930","","18,060","","26,019","","8,175","","14,313","","2,778","","6,189","","***","","***","","***","","***","","***","","116,186","","18","","17","","5","","360","","26","","0","","103","","504",""
"2015100000","2015年度","40134","福岡県 福岡市 南区","","249,403","","115,884","","133,519","","63,408","","78,127","","30,043","","41,414","","14,471","","23,699","","5,129","","10,407","","***","","***","","***","","***","","***","","119,637","","17","","14","","6","","223","","19","","0","","19","","1,042",""
"2015100000","2015年度","40135","福岡県 福岡市 西区","","203,206","","97,296","","105,910","","50,459","","61,265","","24,351","","32,758","","12,293","","19,135","","4,333","","8,914","","***","","***","","***","","***","","***","","88,142","","20","","15","","12","","152","","23","","117","","279","","1,027",""
"2015100000","2015年度","40136","福岡県 福岡市 城南区","","127,229","","59,872","","67,357","","31,392","","38,911","","15,396","","21,127","","7,547","","11,916","","2,621","","5,246","","***","","***","","***","","***","","***","","64,606","","9","","8","","3","","104","","15","","0","","89","","397",""
"2015100000","2015年度","40137","福岡県 福岡市 早良区","","213,792","","100,397","","113,395","","54,659","","65,843","","26,006","","34,354","","12,312","","18,902","","4,185","","8,277","","***","","***","","***","","***","","***","","95,735","","13","","13","","5","","196","","26","","0","","29","","969",""
"2014100000","2014年度","40130","福岡県 福岡市","","***","","***","","***","","***","","***","","***","","***","","***","","***","","***","","***","","***","","***","","***","","***","","***","","***","","114","","101","","47","","1,470","","153","","287","","1,007","","7,293",""
"2014100000","2014年度","40131","福岡県 福岡市 東区","","***","","***","","***","","***","","***","","***","","***","","***","","***","","***","","***","","***","","***","","***","","***","","***","","***","","21","","18","","9","","199","","22","","109","","381","","1,435",""
"2014100000","2014年度","40132","福岡県 福岡市 博多区","","***","","***","","***","","***","","***","","***","","***","","***","","***","","***","","***","","***","","***","","***","","***","","***","","***","","16","","16","","6","","253","","19","","0","","179","","1,242",""
"2014100000","2014年度","40133","福岡県 福岡市 中央区","","***","","***","","***","","***","","***","","***","","***","","***","","***","","***","","***","","***","","***","","***","","***","","***","","***","","19","","18","","5","","352","","27","","0","","105","","631",""
"2014100000","2014年度","40134","福岡県 福岡市 南区","","***","","***","","***","","***","","***","","***","","***","","***","","***","","***","","***","","***","","***","","***","","***","","***","","***","","16","","13","","7","","218","","18","","47","","19","","1,195",""
"2014100000","2014年度","40135","福岡県 福岡市 西区","","***","","***","","***","","***","","***","","***","","***","","***","","***","","***","","***","","***","","***","","***","","***","","***","","***","","20","","15","","12","","153","","25","","131","","176","","1,265",""
"2014100000","2014年度","40136","福岡県 福岡市 城南区","","***","","***","","***","","***","","***","","***","","***","","***","","***","","***","","***","","***","","***","","***","","***","","***","","***","","9","","8","","3","","101","","15","","0","","88","","434",""
"2014100000","2014年度","40137","福岡県 福岡市 早良区","","***","","***","","***","","***","","***","","***","","***","","***","","***","","***","","***","","***","","***","","***","","***","","***","","***","","13","","13","","5","","194","","27","","0","","59","","1,091",""
"2013100000","2013年度","40130","福岡県 福岡市","","***","","***","","***","","***","","***","","***","","***","","***","","***","","***","","***","","***","","***","","***","","***","","***","","***","","114","","101","","47","","1,470","","175","","295","","1,137","","5,370",""
"2013100000","2013年度","40131","福岡県 福岡市 東区","","***","","***","","***","","***","","***","","***","","***","","***","","***","","***","","***","","***","","***","","***","","***","","***","","***","","21","","18","","9","","197","","22","","109","","416","","924",""
"2013100000","2013年度","40132","福岡県 福岡市 博多区","","***","","***","","***","","***","","***","","***","","***","","***","","***","","***","","***","","***","","***","","***","","***","","***","","***","","16","","16","","6","","254","","26","","0","","181","","896",""
"2013100000","2013年度","40133","福岡県 福岡市 中央区","","***","","***","","***","","***","","***","","***","","***","","***","","***","","***","","***","","***","","***","","***","","***","","***","","***","","19","","18","","5","","365","","32","","0","","105","","451",""
"2013100000","2013年度","40134","福岡県 福岡市 南区","","***","","***","","***","","***","","***","","***","","***","","***","","***","","***","","***","","***","","***","","***","","***","","***","","***","","16","","13","","7","","213","","24","","49","","19","","894",""
"2013100000","2013年度","40135","福岡県 福岡市 西区","","***","","***","","***","","***","","***","","***","","***","","***","","***","","***","","***","","***","","***","","***","","***","","***","","***","","21","","16","","13","","149","","29","","137","","268","","957",""
"2013100000","2013年度","40136","福岡県 福岡市 城南区","","***","","***","","***","","***","","***","","***","","***","","***","","***","","***","","***","","***","","***","","***","","***","","***","","***","","8","","7","","2","","104","","15","","0","","87","","300",""
"2013100000","2013年度","40137","福岡県 福岡市 早良区","","***","","***","","***","","***","","***","","***","","***","","***","","***","","***","","***","","***","","***","","***","","***","","***","","***","","13","","13","","5","","188","","27","","0","","61","","948",""
"2012100000","2012年度","40130","福岡県 福岡市","","***","","***","","***","","***","","***","","***","","***","","***","","***","","***","","***","","***","","***","","***","","***","","***","","***","","115","","102","","48","","1,449","","179","","306","","1,095","","4,697",""
"2012100000","2012年度","40131","福岡県 福岡市 東区","","***","","***","","***","","***","","***","","***","","***","","***","","***","","***","","***","","***","","***","","***","","***","","***","","***","","21","","18","","9","","190","","23","","115","","442","","966",""
"2012100000","2012年度","40132","福岡県 福岡市 博多区","","***","","***","","***","","***","","***","","***","","***","","***","","***","","***","","***","","***","","***","","***","","***","","***","","***","","18","","18","","8","","251","","27","","0","","189","","834",""
"2012100000","2012年度","40133","福岡県 福岡市 中央区","","***","","***","","***","","***","","***","","***","","***","","***","","***","","***","","***","","***","","***","","***","","***","","***","","***","","18","","17","","4","","358","","33","","0","","105","","432",""
"2012100000","2012年度","40134","福岡県 福岡市 南区","","***","","***","","***","","***","","***","","***","","***","","***","","***","","***","","***","","***","","***","","***","","***","","***","","***","","16","","13","","7","","211","","23","","49","","19","","798",""
"2012100000","2012年度","40135","福岡県 福岡市 西区","","***","","***","","***","","***","","***","","***","","***","","***","","***","","***","","***","","***","","***","","***","","***","","***","","***","","21","","16","","13","","146","","30","","142","","195","","726",""
"2012100000","2012年度","40136","福岡県 福岡市 城南区","","***","","***","","***","","***","","***","","***","","***","","***","","***","","***","","***","","***","","***","","***","","***","","***","","***","","8","","7","","2","","104","","16","","0","","87","","235",""
"2012100000","2012年度","40137","福岡県 福岡市 早良区","","***","","***","","***","","***","","***","","***","","***","","***","","***","","***","","***","","***","","***","","***","","***","","***","","***","","13","","13","","5","","189","","27","","0","","58","","706",""
"2011100000","2011年度","40130","福岡県 福岡市","","***","","***","","***","","***","","***","","***","","***","","***","","***","","***","","***","","***","","***","","***","","***","","***","","***","","115","","102","","50","","1,423","","183","","311","","1,129","","4,113",""
"2011100000","2011年度","40131","福岡県 福岡市 東区","","***","","***","","***","","***","","***","","***","","***","","***","","***","","***","","***","","***","","***","","***","","***","","***","","***","","21","","18","","10","","188","","23","","115","","393","","669",""
"2011100000","2011年度","40132","福岡県 福岡市 博多区","","***","","***","","***","","***","","***","","***","","***","","***","","***","","***","","***","","***","","***","","***","","***","","***","","***","","18","","18","","9","","238","","26","","0","","192","","1,001",""
"2011100000","2011年度","40133","福岡県 福岡市 中央区","","***","","***","","***","","***","","***","","***","","***","","***","","***","","***","","***","","***","","***","","***","","***","","***","","***","","18","","17","","4","","352","","35","","0","","104","","221",""
"2011100000","2011年度","40134","福岡県 福岡市 南区","","***","","***","","***","","***","","***","","***","","***","","***","","***","","***","","***","","***","","***","","***","","***","","***","","***","","16","","13","","7","","209","","25","","50","","20","","651",""
"2011100000","2011年度","40135","福岡県 福岡市 西区","","***","","***","","***","","***","","***","","***","","***","","***","","***","","***","","***","","***","","***","","***","","***","","***","","***","","21","","16","","13","","147","","31","","146","","274","","618",""
"2011100000","2011年度","40136","福岡県 福岡市 城南区","","***","","***","","***","","***","","***","","***","","***","","***","","***","","***","","***","","***","","***","","***","","***","","***","","***","","8","","7","","2","","101","","16","","0","","87","","247",""
"2011100000","2011年度","40137","福岡県 福岡市 早良区","","***","","***","","***","","***","","***","","***","","***","","***","","***","","***","","***","","***","","***","","***","","***","","***","","***","","13","","13","","5","","188","","27","","0","","59","","706",""
"2010100000","2010年度","40130","福岡県 福岡市","","1,420,471","","670,180","","750,291","","333,722","","400,725","","150,890","","204,987","","68,676","","110,851","","21,198","","45,896","","***","","***","","***","","***","","***","","707,358","","115","","102","","50","","1,417","","190","","318","","1,112","","3,812",""
"2010100000","2010年度","40131","福岡県 福岡市 東区","","277,271","","134,071","","143,200","","66,963","","77,514","","30,674","","39,725","","13,832","","21,458","","4,302","","8,920","","***","","***","","***","","***","","***","","133,165","","21","","18","","10","","190","","24","","117","","393","","794",""
"2010100000","2010年度","40132","福岡県 福岡市 博多区","","208,628","","99,896","","108,732","","46,890","","53,703","","20,304","","28,216","","8,816","","15,452","","2,613","","6,390","","***","","***","","***","","***","","***","","124,266","","18","","18","","9","","235","","26","","0","","188","","862",""
"2010100000","2010年度","40133","福岡県 福岡市 中央区","","167,270","","73,677","","93,593","","38,384","","48,845","","16,011","","23,504","","7,092","","12,413","","2,210","","4,774","","***","","***","","***","","***","","***","","106,966","","18","","17","","4","","355","","38","","0","","123","","259",""
"2010100000","2010年度","40134","福岡県 福岡市 南区","","242,030","","112,938","","129,092","","57,496","","70,616","","26,343","","36,511","","12,202","","19,887","","3,781","","8,078","","***","","***","","***","","***","","***","","112,423","","16","","13","","7","","208","","26","","50","","20","","595",""
"2010100000","2010年度","40135","福岡県 福岡市 西区","","190,545","","91,011","","99,534","","45,425","","54,609","","21,403","","28,632","","10,265","","15,805","","3,191","","7,079","","***","","***","","***","","***","","***","","78,018","","21","","16","","13","","143","","32","","151","","274","","547",""
"2010100000","2010年度","40136","福岡県 福岡市 城南区","","124,790","","59,426","","65,364","","28,518","","35,358","","13,523","","18,378","","6,265","","9,917","","1,941","","3,995","","***","","***","","***","","***","","***","","62,266","","8","","7","","2","","98","","16","","0","","57","","170",""
"2010100000","2010年度","40137","福岡県 福岡市 早良区","","209,937","","99,161","","110,776","","50,046","","60,080","","22,632","","30,021","","10,204","","15,919","","3,160","","6,660","","***","","***","","***","","***","","***","","90,254","","13","","13","","5","","188","","28","","0","","57","","585",""
"2009100000","2009年度","40130","福岡県 福岡市","","***","","***","","***","","***","","***","","***","","***","","***","","***","","***","","***","","***","","***","","***","","***","","***","","***","","115","","102","","50","","1,398","","201","","316","","1,108","","3,819",""
"2009100000","2009年度","40131","福岡県 福岡市 東区","","***","","***","","***","","***","","***","","***","","***","","***","","***","","***","","***","","***","","***","","***","","***","","***","","***","","21","","18","","10","","188","","27","","116","","393","","796",""
"2009100000","2009年度","40132","福岡県 福岡市 博多区","","***","","***","","***","","***","","***","","***","","***","","***","","***","","***","","***","","***","","***","","***","","***","","***","","***","","18","","18","","9","","234","","27","","0","","189","","937",""
"2009100000","2009年度","40133","福岡県 福岡市 中央区","","***","","***","","***","","***","","***","","***","","***","","***","","***","","***","","***","","***","","***","","***","","***","","***","","***","","18","","17","","4","","345","","40","","0","","116","","235",""
"2009100000","2009年度","40134","福岡県 福岡市 南区","","***","","***","","***","","***","","***","","***","","***","","***","","***","","***","","***","","***","","***","","***","","***","","***","","***","","16","","13","","7","","206","","25","","50","","20","","630",""
"2009100000","2009年度","40135","福岡県 福岡市 西区","","***","","***","","***","","***","","***","","***","","***","","***","","***","","***","","***","","***","","***","","***","","***","","***","","***","","21","","16","","13","","141","","35","","150","","272","","589",""
"2009100000","2009年度","40136","福岡県 福岡市 城南区","","***","","***","","***","","***","","***","","***","","***","","***","","***","","***","","***","","***","","***","","***","","***","","***","","***","","8","","7","","2","","99","","16","","0","","57","","196",""
"2009100000","2009年度","40137","福岡県 福岡市 早良区","","***","","***","","***","","***","","***","","***","","***","","***","","***","","***","","***","","***","","***","","***","","***","","***","","***","","13","","13","","5","","185","","31","","0","","61","","436",""
"2008100000","2008年度","40130","福岡県 福岡市","","***","","***","","***","","***","","***","","***","","***","","***","","***","","***","","***","","***","","***","","***","","***","","***","","***","","114","","101","","50","","1,393","","206","","318","","1,159","","3,693",""
"2008100000","2008年度","40131","福岡県 福岡市 東区","","***","","***","","***","","***","","***","","***","","***","","***","","***","","***","","***","","***","","***","","***","","***","","***","","***","","20","","17","","10","","198","","28","","116","","403","","782",""
"2008100000","2008年度","40132","福岡県 福岡市 博多区","","***","","***","","***","","***","","***","","***","","***","","***","","***","","***","","***","","***","","***","","***","","***","","***","","***","","18","","18","","9","","235","","28","","0","","192","","813",""
"2008100000","2008年度","40133","福岡県 福岡市 中央区","","***","","***","","***","","***","","***","","***","","***","","***","","***","","***","","***","","***","","***","","***","","***","","***","","***","","19","","18","","4","","336","","40","","0","","121","","203",""
"2008100000","2008年度","40134","福岡県 福岡市 南区","","***","","***","","***","","***","","***","","***","","***","","***","","***","","***","","***","","***","","***","","***","","***","","***","","***","","16","","13","","7","","207","","27","","46","","20","","605",""
"2008100000","2008年度","40135","福岡県 福岡市 西区","","***","","***","","***","","***","","***","","***","","***","","***","","***","","***","","***","","***","","***","","***","","***","","***","","***","","21","","16","","13","","133","","35","","156","","276","","551",""
"2008100000","2008年度","40136","福岡県 福岡市 城南区","","***","","***","","***","","***","","***","","***","","***","","***","","***","","***","","***","","***","","***","","***","","***","","***","","***","","8","","7","","2","","94","","16","","0","","86","","239",""
"2008100000","2008年度","40137","福岡県 福岡市 早良区","","***","","***","","***","","***","","***","","***","","***","","***","","***","","***","","***","","***","","***","","***","","***","","***","","***","","12","","12","","5","","190","","32","","0","","61","","500",""
"2007100000","2007年度","40130","福岡県 福岡市","","***","","***","","***","","***","","***","","***","","***","","***","","***","","***","","***","","***","","***","","***","","***","","***","","***","","115","","102","","52","","1,388","","211","","322","","1,111","","3,002",""
"2007100000","2007年度","40131","福岡県 福岡市 東区","","***","","***","","***","","***","","***","","***","","***","","***","","***","","***","","***","","***","","***","","***","","***","","***","","***","","20","","17","","10","","193","","28","","117","","400","","706",""
"2007100000","2007年度","40132","福岡県 福岡市 博多区","","***","","***","","***","","***","","***","","***","","***","","***","","***","","***","","***","","***","","***","","***","","***","","***","","***","","18","","18","","9","","233","","28","","0","","192","","780",""
"2007100000","2007年度","40133","福岡県 福岡市 中央区","","***","","***","","***","","***","","***","","***","","***","","***","","***","","***","","***","","***","","***","","***","","***","","***","","***","","19","","18","","5","","347","","41","","0","","104","","146",""
"2007100000","2007年度","40134","福岡県 福岡市 南区","","***","","***","","***","","***","","***","","***","","***","","***","","***","","***","","***","","***","","***","","***","","***","","***","","***","","17","","14","","8","","205","","27","","50","","20","","500",""
"2007100000","2007年度","40135","福岡県 福岡市 西区","","***","","***","","***","","***","","***","","***","","***","","***","","***","","***","","***","","***","","***","","***","","***","","***","","***","","21","","16","","13","","129","","36","","155","","247","","372",""
"2007100000","2007年度","40136","福岡県 福岡市 城南区","","***","","***","","***","","***","","***","","***","","***","","***","","***","","***","","***","","***","","***","","***","","***","","***","","***","","8","","7","","2","","95","","17","","0","","89","","190",""
"2007100000","2007年度","40137","福岡県 福岡市 早良区","","***","","***","","***","","***","","***","","***","","***","","***","","***","","***","","***","","***","","***","","***","","***","","***","","***","","12","","12","","5","","186","","34","","0","","59","","308",""
"2006100000","2006年度","40130","福岡県 福岡市","","***","","***","","***","","***","","***","","***","","***","","***","","***","","***","","***","","***","","***","","***","","***","","***","","***","","118","","105","","55","","1,358","","211","","336","","1,071","","2,287",""
"2006100000","2006年度","40131","福岡県 福岡市 東区","","***","","***","","***","","***","","***","","***","","***","","***","","***","","***","","***","","***","","***","","***","","***","","***","","***","","21","","18","","10","","183","","27","","117","","399","","538",""
"2006100000","2006年度","40132","福岡県 福岡市 博多区","","***","","***","","***","","***","","***","","***","","***","","***","","***","","***","","***","","***","","***","","***","","***","","***","","***","","19","","19","","11","","222","","30","","0","","159","","647",""
"2006100000","2006年度","40133","福岡県 福岡市 中央区","","***","","***","","***","","***","","***","","***","","***","","***","","***","","***","","***","","***","","***","","***","","***","","***","","***","","19","","18","","5","","345","","41","","0","","100","","111",""
"2006100000","2006年度","40134","福岡県 福岡市 南区","","***","","***","","***","","***","","***","","***","","***","","***","","***","","***","","***","","***","","***","","***","","***","","***","","***","","17","","14","","8","","205","","30","","48","","19","","366",""
"2006100000","2006年度","40135","福岡県 福岡市 西区","","***","","***","","***","","***","","***","","***","","***","","***","","***","","***","","***","","***","","***","","***","","***","","***","","***","","21","","16","","14","","128","","32","","171","","244","","243",""
"2006100000","2006年度","40136","福岡県 福岡市 城南区","","***","","***","","***","","***","","***","","***","","***","","***","","***","","***","","***","","***","","***","","***","","***","","***","","***","","8","","7","","2","","95","","17","","0","","89","","126",""
"2006100000","2006年度","40137","福岡県 福岡市 早良区","","***","","***","","***","","***","","***","","***","","***","","***","","***","","***","","***","","***","","***","","***","","***","","***","","***","","13","","13","","5","","180","","34","","0","","61","","256",""
"2005100000","2005年度","40130","福岡県 福岡市","","1,368,476","","654,438","","714,038","","301,102","","357,918","","121,324","","167,380","","57,513","","91,706","","15,807","","35,394","","***","","***","","***","","***","","***","","649,138","","119","","106","","56","","1,323","","210","","357","","1,037","","1,199",""
"2005100000","2005年度","40131","福岡県 福岡市 東区","","266,410","","131,924","","134,486","","59,114","","68,536","","24,446","","32,333","","11,612","","17,767","","3,196","","6,966","","***","","***","","***","","***","","***","","121,044","","21","","18","","10","","183","","27","","117","","406","","178",""
"2005100000","2005年度","40132","福岡県 福岡市 博多区","","185,452","","90,713","","94,739","","41,636","","46,511","","16,149","","22,704","","7,544","","12,692","","2,068","","5,059","","***","","***","","***","","***","","***","","105,121","","20","","20","","11","","218","","31","","0","","170","","412",""
"2005100000","2005年度","40133","福岡県 福岡市 中央区","","160,381","","71,445","","88,936","","32,791","","41,863","","12,174","","18,775","","5,860","","10,236","","1,717","","3,658","","***","","***","","***","","***","","***","","96,035","","19","","18","","5","","332","","41","","0","","47","","35",""
"2005100000","2005年度","40134","福岡県 福岡市 南区","","243,599","","114,895","","128,704","","53,166","","64,829","","21,534","","30,268","","10,312","","16,489","","2,794","","6,084","","***","","***","","***","","***","","***","","109,466","","17","","14","","8","","199","","28","","50","","20","","130",""
"2005100000","2005年度","40135","福岡県 福岡市 西区","","177,879","","84,721","","93,158","","40,852","","48,430","","17,362","","23,204","","8,254","","12,844","","2,262","","5,358","","***","","***","","***","","***","","***","","68,929","","21","","16","","14","","121","","31","","190","","248","","130",""
"2005100000","2005年度","40136","福岡県 福岡市 城南区","","127,041","","61,994","","65,047","","26,190","","32,213","","11,107","","15,268","","5,296","","8,273","","1,421","","3,181","","***","","***","","***","","***","","***","","61,403","","8","","7","","3","","92","","16","","0","","90","","91",""
"2005100000","2005年度","40137","福岡県 福岡市 早良区","","207,714","","98,746","","108,968","","47,353","","55,536","","18,552","","24,828","","8,635","","13,405","","2,349","","5,088","","***","","***","","***","","***","","***","","87,140","","13","","13","","5","","178","","36","","0","","56","","223",""
"2004100000","2004年度","40130","福岡県 福岡市","","***","","***","","***","","***","","***","","***","","***","","***","","***","","***","","***","","***","","***","","***","","***","","***","","***","","121","","108","","57","","1,301","","221","","349","","1,056","","785",""
"2004100000","2004年度","40131","福岡県 福岡市 東区","","***","","***","","***","","***","","***","","***","","***","","***","","***","","***","","***","","***","","***","","***","","***","","***","","***","","22","","19","","10","","183","","28","","117","","418","","130",""
"2004100000","2004年度","40132","福岡県 福岡市 博多区","","***","","***","","***","","***","","***","","***","","***","","***","","***","","***","","***","","***","","***","","***","","***","","***","","***","","20","","20","","11","","219","","33","","0","","176","","319",""
"2004100000","2004年度","40133","福岡県 福岡市 中央区","","***","","***","","***","","***","","***","","***","","***","","***","","***","","***","","***","","***","","***","","***","","***","","***","","***","","19","","18","","5","","315","","40","","0","","48","","0",""
"2004100000","2004年度","40134","福岡県 福岡市 南区","","***","","***","","***","","***","","***","","***","","***","","***","","***","","***","","***","","***","","***","","***","","***","","***","","***","","17","","14","","8","","196","","33","","49","","20","","61",""
"2004100000","2004年度","40135","福岡県 福岡市 西区","","***","","***","","***","","***","","***","","***","","***","","***","","***","","***","","***","","***","","***","","***","","***","","***","","***","","22","","17","","15","","119","","31","","183","","247","","86",""
"2004100000","2004年度","40136","福岡県 福岡市 城南区","","***","","***","","***","","***","","***","","***","","***","","***","","***","","***","","***","","***","","***","","***","","***","","***","","***","","8","","7","","3","","91","","17","","0","","89","","49",""
"2004100000","2004年度","40137","福岡県 福岡市 早良区","","***","","***","","***","","***","","***","","***","","***","","***","","***","","***","","***","","***","","***","","***","","***","","***","","***","","13","","13","","5","","178","","39","","0","","58","","140",""
"2003100000","2003年度","40130","福岡県 福岡市","","***","","***","","***","","***","","***","","***","","***","","***","","***","","***","","***","","***","","***","","***","","***","","***","","***","","121","","108","","56","","1,290","","237","","353","","1,081","","458",""
"2003100000","2003年度","40131","福岡県 福岡市 東区","","***","","***","","***","","***","","***","","***","","***","","***","","***","","***","","***","","***","","***","","***","","***","","***","","***","","22","","19","","9","","179","","31","","117","","433","","118",""
"2003100000","2003年度","40132","福岡県 福岡市 博多区","","***","","***","","***","","***","","***","","***","","***","","***","","***","","***","","***","","***","","***","","***","","***","","***","","***","","20","","20","","11","","225","","36","","0","","182","","297",""
"2003100000","2003年度","40133","福岡県 福岡市 中央区","","***","","***","","***","","***","","***","","***","","***","","***","","***","","***","","***","","***","","***","","***","","***","","***","","***","","19","","18","","5","","305","","42","","0","","48","","0",""
"2003100000","2003年度","40134","福岡県 福岡市 南区","","***","","***","","***","","***","","***","","***","","***","","***","","***","","***","","***","","***","","***","","***","","***","","***","","***","","17","","14","","8","","192","","34","","50","","19","","43",""
"2003100000","2003年度","40135","福岡県 福岡市 西区","","***","","***","","***","","***","","***","","***","","***","","***","","***","","***","","***","","***","","***","","***","","***","","***","","***","","22","","17","","15","","117","","32","","186","","248","","0",""
"2003100000","2003年度","40136","福岡県 福岡市 城南区","","***","","***","","***","","***","","***","","***","","***","","***","","***","","***","","***","","***","","***","","***","","***","","***","","***","","8","","7","","3","","88","","19","","0","","90","","0",""
"2003100000","2003年度","40137","福岡県 福岡市 早良区","","***","","***","","***","","***","","***","","***","","***","","***","","***","","***","","***","","***","","***","","***","","***","","***","","***","","13","","13","","5","","184","","43","","0","","61","","0",""
"2002100000","2002年度","40130","福岡県 福岡市","","***","","***","","***","","***","","***","","***","","***","","***","","***","","***","","***","","***","","***","","***","","***","","***","","***","","121","","108","","47","","1,269","","248","","356","","1,027","","412",""
"2002100000","2002年度","40131","福岡県 福岡市 東区","","***","","***","","***","","***","","***","","***","","***","","***","","***","","***","","***","","***","","***","","***","","***","","***","","***","","22","","19","","8","","179","","35","","117","","384","","120",""
"2002100000","2002年度","40132","福岡県 福岡市 博多区","","***","","***","","***","","***","","***","","***","","***","","***","","***","","***","","***","","***","","***","","***","","***","","***","","***","","20","","20","","10","","220","","37","","0","","185","","292",""
"2002100000","2002年度","40133","福岡県 福岡市 中央区","","***","","***","","***","","***","","***","","***","","***","","***","","***","","***","","***","","***","","***","","***","","***","","***","","***","","19","","18","","4","","301","","42","","0","","45","","0",""
"2002100000","2002年度","40134","福岡県 福岡市 南区","","***","","***","","***","","***","","***","","***","","***","","***","","***","","***","","***","","***","","***","","***","","***","","***","","***","","17","","14","","7","","188","","36","","50","","20","","0",""
"2002100000","2002年度","40135","福岡県 福岡市 西区","","***","","***","","***","","***","","***","","***","","***","","***","","***","","***","","***","","***","","***","","***","","***","","***","","***","","21","","16","","11","","113","","33","","189","","248","","0",""
"2002100000","2002年度","40136","福岡県 福岡市 城南区","","***","","***","","***","","***","","***","","***","","***","","***","","***","","***","","***","","***","","***","","***","","***","","***","","***","","8","","7","","3","","90","","20","","0","","86","","0",""
"2002100000","2002年度","40137","福岡県 福岡市 早良区","","***","","***","","***","","***","","***","","***","","***","","***","","***","","***","","***","","***","","***","","***","","***","","***","","***","","14","","14","","4","","178","","45","","0","","59","","0",""
"2001100000","2001年度","40130","福岡県 福岡市","","***","","***","","***","","***","","***","","***","","***","","***","","***","","***","","***","","***","","***","","***","","***","","***","","***","","121","","108","","43","","1,251","","247","","355","","921","","392",""
"2001100000","2001年度","40131","福岡県 福岡市 東区","","***","","***","","***","","***","","***","","***","","***","","***","","***","","***","","***","","***","","***","","***","","***","","***","","***","","22","","19","","6","","190","","35","","117","","357","","123",""
"2001100000","2001年度","40132","福岡県 福岡市 博多区","","***","","***","","***","","***","","***","","***","","***","","***","","***","","***","","***","","***","","***","","***","","***","","***","","***","","20","","20","","10","","218","","39","","0","","178","","269",""
"2001100000","2001年度","40133","福岡県 福岡市 中央区","","***","","***","","***","","***","","***","","***","","***","","***","","***","","***","","***","","***","","***","","***","","***","","***","","***","","19","","18","","4","","304","","43","","0","","48","","0",""
"2001100000","2001年度","40134","福岡県 福岡市 南区","","***","","***","","***","","***","","***","","***","","***","","***","","***","","***","","***","","***","","***","","***","","***","","***","","***","","17","","14","","7","","183","","37","","50","","15","","0",""
"2001100000","2001年度","40135","福岡県 福岡市 西区","","***","","***","","***","","***","","***","","***","","***","","***","","***","","***","","***","","***","","***","","***","","***","","***","","***","","21","","16","","9","","102","","31","","188","","173","","0",""
"2001100000","2001年度","40136","福岡県 福岡市 城南区","","***","","***","","***","","***","","***","","***","","***","","***","","***","","***","","***","","***","","***","","***","","***","","***","","***","","8","","7","","3","","87","","19","","0","","88","","0",""
"2001100000","2001年度","40137","福岡県 福岡市 早良区","","***","","***","","***","","***","","***","","***","","***","","***","","***","","***","","***","","***","","***","","***","","***","","***","","***","","14","","14","","4","","167","","43","","0","","62","","0",""
"2000100000","2000年度","40130","福岡県 福岡市","","1,325,066","","638,884","","686,182","","277,036","","327,281","","102,341","","142,248","","44,646","","73,503","","11,738","","26,258","","***","","***","","***","","***","","***","","599,989","","124","","112","","41","","1,219","","255","","358","","866","","328",""
"2000100000","2000年度","40131","福岡県 福岡市 東区","","262,790","","131,304","","131,486","","53,887","","62,744","","20,150","","27,318","","8,727","","14,234","","2,268","","5,235","","***","","***","","***","","***","","***","","116,519","","22","","20","","5","","185","","42","","117","","363","","66",""
"2000100000","2000年度","40132","福岡県 福岡市 博多区","","178,093","","88,412","","89,681","","38,730","","43,069","","14,023","","20,111","","6,165","","10,646","","1,705","","4,066","","***","","***","","***","","***","","***","","91,266","","20","","20","","10","","218","","40","","0","","184","","262",""
"2000100000","2000年度","40133","福岡県 福岡市 中央区","","149,106","","67,114","","81,992","","29,417","","37,214","","10,263","","16,375","","4,639","","8,314","","1,289","","2,782","","***","","***","","***","","***","","***","","83,326","","20","","19","","4","","293","","42","","0","","30","","0",""
"2000100000","2000年度","40134","福岡県 福岡市 南区","","241,761","","115,336","","126,425","","50,541","","60,418","","19,028","","26,052","","8,355","","13,229","","2,197","","4,509","","***","","***","","***","","***","","***","","105,188","","18","","15","","7","","174","","38","","50","","0","","0",""
"2000100000","2000年度","40135","福岡県 福岡市 西区","","165,951","","78,784","","87,167","","36,382","","43,212","","14,219","","19,078","","6,112","","10,173","","1,611","","3,949","","***","","***","","***","","***","","***","","61,740","","21","","16","","8","","99","","31","","191","","148","","0",""
"2000100000","2000年度","40136","福岡県 福岡市 城南区","","125,147","","61,481","","63,666","","24,486","","29,862","","9,452","","12,933","","4,157","","6,555","","1,057","","2,203","","***","","***","","***","","***","","***","","59,918","","8","","7","","3","","86","","19","","0","","81","","0",""
"2000100000","2000年度","40137","福岡県 福岡市 早良区","","202,218","","96,453","","105,765","","43,593","","50,762","","15,206","","20,381","","6,491","","10,352","","1,611","","3,514","","***","","***","","***","","***","","***","","82,032","","15","","15","","4","","164","","43","","0","","60","","0",""
"1999100000","1999年度","40130","福岡県 福岡市","","***","","***","","***","","***","","***","","***","","***","","***","","***","","***","","***","","***","","***","","***","","***","","***","","***","","124","","112","","31","","1,191","","***","","***","","***","","***",""
"1999100000","1999年度","40131","福岡県 福岡市 東区","","***","","***","","***","","***","","***","","***","","***","","***","","***","","***","","***","","***","","***","","***","","***","","***","","***","","22","","20","","4","","184","","***","","***","","***","","***",""
"1999100000","1999年度","40132","福岡県 福岡市 博多区","","***","","***","","***","","***","","***","","***","","***","","***","","***","","***","","***","","***","","***","","***","","***","","***","","***","","20","","20","","10","","214","","***","","***","","***","","***",""
"1999100000","1999年度","40133","福岡県 福岡市 中央区","","***","","***","","***","","***","","***","","***","","***","","***","","***","","***","","***","","***","","***","","***","","***","","***","","***","","20","","19","","4","","277","","***","","***","","***","","***",""
"1999100000","1999年度","40134","福岡県 福岡市 南区","","***","","***","","***","","***","","***","","***","","***","","***","","***","","***","","***","","***","","***","","***","","***","","***","","***","","18","","15","","4","","170","","***","","***","","***","","***",""
"1999100000","1999年度","40135","福岡県 福岡市 西区","","***","","***","","***","","***","","***","","***","","***","","***","","***","","***","","***","","***","","***","","***","","***","","***","","***","","21","","16","","5","","95","","***","","***","","***","","***",""
"1999100000","1999年度","40136","福岡県 福岡市 城南区","","***","","***","","***","","***","","***","","***","","***","","***","","***","","***","","***","","***","","***","","***","","***","","***","","***","","8","","7","","2","","84","","***","","***","","***","","***",""
"1999100000","1999年度","40137","福岡県 福岡市 早良区","","***","","***","","***","","***","","***","","***","","***","","***","","***","","***","","***","","***","","***","","***","","***","","***","","***","","15","","15","","2","","167","","***","","***","","***","","***",""
"1998100000","1998年度","40130","福岡県 福岡市","","***","","***","","***","","***","","***","","***","","***","","***","","***","","***","","***","","***","","***","","***","","***","","***","","***","","126","","114","","22","","1,177","","***","","***","","***","","***",""
"1998100000","1998年度","40131","福岡県 福岡市 東区","","***","","***","","***","","***","","***","","***","","***","","***","","***","","***","","***","","***","","***","","***","","***","","***","","***","","22","","20","","4","","185","","***","","***","","***","","***",""
"1998100000","1998年度","40132","福岡県 福岡市 博多区","","***","","***","","***","","***","","***","","***","","***","","***","","***","","***","","***","","***","","***","","***","","***","","***","","***","","20","","20","","7","","207","","***","","***","","***","","***",""
"1998100000","1998年度","40133","福岡県 福岡市 中央区","","***","","***","","***","","***","","***","","***","","***","","***","","***","","***","","***","","***","","***","","***","","***","","***","","***","","21","","20","","3","","270","","***","","***","","***","","***",""
"1998100000","1998年度","40134","福岡県 福岡市 南区","","***","","***","","***","","***","","***","","***","","***","","***","","***","","***","","***","","***","","***","","***","","***","","***","","***","","19","","16","","3","","169","","***","","***","","***","","***",""
"1998100000","1998年度","40135","福岡県 福岡市 西区","","***","","***","","***","","***","","***","","***","","***","","***","","***","","***","","***","","***","","***","","***","","***","","***","","***","","21","","16","","4","","97","","***","","***","","***","","***",""
"1998100000","1998年度","40136","福岡県 福岡市 城南区","","***","","***","","***","","***","","***","","***","","***","","***","","***","","***","","***","","***","","***","","***","","***","","***","","***","","8","","7","","0","","82","","***","","***","","***","","***",""
"1998100000","1998年度","40137","福岡県 福岡市 早良区","","***","","***","","***","","***","","***","","***","","***","","***","","***","","***","","***","","***","","***","","***","","***","","***","","***","","15","","15","","1","","167","","***","","***","","***","","***",""
"1997100000","1997年度","40130","福岡県 福岡市","","***","","***","","***","","***","","***","","***","","***","","***","","***","","***","","***","","***","","***","","***","","***","","***","","***","","126","","114","","7","","1,156","","***","","***","","***","","***",""
"1997100000","1997年度","40131","福岡県 福岡市 東区","","***","","***","","***","","***","","***","","***","","***","","***","","***","","***","","***","","***","","***","","***","","***","","***","","***","","22","","20","","1","","182","","***","","***","","***","","***",""
"1997100000","1997年度","40132","福岡県 福岡市 博多区","","***","","***","","***","","***","","***","","***","","***","","***","","***","","***","","***","","***","","***","","***","","***","","***","","***","","20","","20","","1","","207","","***","","***","","***","","***",""
"1997100000","1997年度","40133","福岡県 福岡市 中央区","","***","","***","","***","","***","","***","","***","","***","","***","","***","","***","","***","","***","","***","","***","","***","","***","","***","","21","","20","","3","","266","","***","","***","","***","","***",""
"1997100000","1997年度","40134","福岡県 福岡市 南区","","***","","***","","***","","***","","***","","***","","***","","***","","***","","***","","***","","***","","***","","***","","***","","***","","***","","19","","16","","1","","161","","***","","***","","***","","***",""
"1997100000","1997年度","40135","福岡県 福岡市 西区","","***","","***","","***","","***","","***","","***","","***","","***","","***","","***","","***","","***","","***","","***","","***","","***","","***","","21","","16","","1","","90","","***","","***","","***","","***",""
"1997100000","1997年度","40136","福岡県 福岡市 城南区","","***","","***","","***","","***","","***","","***","","***","","***","","***","","***","","***","","***","","***","","***","","***","","***","","***","","8","","7","","0","","82","","***","","***","","***","","***",""
"1997100000","1997年度","40137","福岡県 福岡市 早良区","","***","","***","","***","","***","","***","","***","","***","","***","","***","","***","","***","","***","","***","","***","","***","","***","","***","","15","","15","","0","","168","","***","","***","","***","","***",""
"1996100000","1996年度","40130","福岡県 福岡市","","***","","***","","***","","***","","***","","***","","***","","***","","***","","***","","***","","***","","***","","***","","***","","***","","***","","***","","114","","4","","1,129","","***","","***","","***","","***",""
"1996100000","1996年度","40131","福岡県 福岡市 東区","","***","","***","","***","","***","","***","","***","","***","","***","","***","","***","","***","","***","","***","","***","","***","","***","","***","","***","","20","","1","","175","","***","","***","","***","","***",""
"1996100000","1996年度","40132","福岡県 福岡市 博多区","","***","","***","","***","","***","","***","","***","","***","","***","","***","","***","","***","","***","","***","","***","","***","","***","","***","","***","","20","","1","","204","","***","","***","","***","","***",""
"1996100000","1996年度","40133","福岡県 福岡市 中央区","","***","","***","","***","","***","","***","","***","","***","","***","","***","","***","","***","","***","","***","","***","","***","","***","","***","","***","","20","","1","","259","","***","","***","","***","","***",""
"1996100000","1996年度","40134","福岡県 福岡市 南区","","***","","***","","***","","***","","***","","***","","***","","***","","***","","***","","***","","***","","***","","***","","***","","***","","***","","***","","16","","0","","163","","***","","***","","***","","***",""
"1996100000","1996年度","40135","福岡県 福岡市 西区","","***","","***","","***","","***","","***","","***","","***","","***","","***","","***","","***","","***","","***","","***","","***","","***","","***","","***","","16","","1","","86","","***","","***","","***","","***",""
"1996100000","1996年度","40136","福岡県 福岡市 城南区","","***","","***","","***","","***","","***","","***","","***","","***","","***","","***","","***","","***","","***","","***","","***","","***","","***","","***","","7","","0","","81","","***","","***","","***","","***",""
"1996100000","1996年度","40137","福岡県 福岡市 早良区","","***","","***","","***","","***","","***","","***","","***","","***","","***","","***","","***","","***","","***","","***","","***","","***","","***","","***","","15","","0","","161","","***","","***","","***","","***",""
"1995100000","1995年度","40130","福岡県 福岡市","","***","","***","","***","","***","","***","","***","","***","","***","","***","","***","","***","","***","","***","","***","","***","","***","","544,145","","***","","114","","***","","1,097","","***","","***","","***","","***",""
"1995100000","1995年度","40131","福岡県 福岡市 東区","","***","","***","","***","","***","","***","","***","","***","","***","","***","","***","","***","","***","","***","","***","","***","","***","","107,535","","***","","20","","***","","169","","***","","***","","***","","***",""
"1995100000","1995年度","40132","福岡県 福岡市 博多区","","***","","***","","***","","***","","***","","***","","***","","***","","***","","***","","***","","***","","***","","***","","***","","***","","80,215","","***","","20","","***","","200","","***","","***","","***","","***",""
"1995100000","1995年度","40133","福岡県 福岡市 中央区","","***","","***","","***","","***","","***","","***","","***","","***","","***","","***","","***","","***","","***","","***","","***","","***","","72,571","","***","","20","","***","","254","","***","","***","","***","","***",""
"1995100000","1995年度","40134","福岡県 福岡市 南区","","***","","***","","***","","***","","***","","***","","***","","***","","***","","***","","***","","***","","***","","***","","***","","***","","98,194","","***","","16","","***","","162","","***","","***","","***","","***",""
"1995100000","1995年度","40135","福岡県 福岡市 西区","","***","","***","","***","","***","","***","","***","","***","","***","","***","","***","","***","","***","","***","","***","","***","","***","","53,789","","***","","16","","***","","84","","***","","***","","***","","***",""
"1995100000","1995年度","40136","福岡県 福岡市 城南区","","***","","***","","***","","***","","***","","***","","***","","***","","***","","***","","***","","***","","***","","***","","***","","***","","56,674","","***","","7","","***","","79","","***","","***","","***","","***",""
"1995100000","1995年度","40137","福岡県 福岡市 早良区","","***","","***","","***","","***","","***","","***","","***","","***","","***","","***","","***","","***","","***","","***","","***","","***","","75,167","","***","","15","","***","","149","","***","","***","","***","","***",""
"1994100000","1994年度","40130","福岡県 福岡市","","***","","***","","***","","***","","***","","***","","***","","***","","***","","***","","***","","***","","***","","***","","***","","***","","***","","***","","115","","***","","1,085","","***","","***","","***","","***",""
"1994100000","1994年度","40131","福岡県 福岡市 東区","","***","","***","","***","","***","","***","","***","","***","","***","","***","","***","","***","","***","","***","","***","","***","","***","","***","","***","","20","","***","","165","","***","","***","","***","","***",""
"1994100000","1994年度","40132","福岡県 福岡市 博多区","","***","","***","","***","","***","","***","","***","","***","","***","","***","","***","","***","","***","","***","","***","","***","","***","","***","","***","","20","","***","","201","","***","","***","","***","","***",""
"1994100000","1994年度","40133","福岡県 福岡市 中央区","","***","","***","","***","","***","","***","","***","","***","","***","","***","","***","","***","","***","","***","","***","","***","","***","","***","","***","","21","","***","","242","","***","","***","","***","","***",""
"1994100000","1994年度","40134","福岡県 福岡市 南区","","***","","***","","***","","***","","***","","***","","***","","***","","***","","***","","***","","***","","***","","***","","***","","***","","***","","***","","16","","***","","163","","***","","***","","***","","***",""
"1994100000","1994年度","40135","福岡県 福岡市 西区","","***","","***","","***","","***","","***","","***","","***","","***","","***","","***","","***","","***","","***","","***","","***","","***","","***","","***","","16","","***","","84","","***","","***","","***","","***",""
"1994100000","1994年度","40136","福岡県 福岡市 城南区","","***","","***","","***","","***","","***","","***","","***","","***","","***","","***","","***","","***","","***","","***","","***","","***","","***","","***","","7","","***","","78","","***","","***","","***","","***",""
"1994100000","1994年度","40137","福岡県 福岡市 早良区","","***","","***","","***","","***","","***","","***","","***","","***","","***","","***","","***","","***","","***","","***","","***","","***","","***","","***","","15","","***","","152","","***","","***","","***","","***",""
"1993100000","1993年度","40130","福岡県 福岡市","","***","","***","","***","","***","","***","","***","","***","","***","","***","","***","","***","","***","","***","","***","","***","","***","","***","","***","","115","","***","","1,049","","***","","***","","***","","***",""
"1993100000","1993年度","40131","福岡県 福岡市 東区","","***","","***","","***","","***","","***","","***","","***","","***","","***","","***","","***","","***","","***","","***","","***","","***","","***","","***","","20","","***","","157","","***","","***","","***","","***",""
"1993100000","1993年度","40132","福岡県 福岡市 博多区","","***","","***","","***","","***","","***","","***","","***","","***","","***","","***","","***","","***","","***","","***","","***","","***","","***","","***","","20","","***","","197","","***","","***","","***","","***",""
"1993100000","1993年度","40133","福岡県 福岡市 中央区","","***","","***","","***","","***","","***","","***","","***","","***","","***","","***","","***","","***","","***","","***","","***","","***","","***","","***","","21","","***","","237","","***","","***","","***","","***",""
"1993100000","1993年度","40134","福岡県 福岡市 南区","","***","","***","","***","","***","","***","","***","","***","","***","","***","","***","","***","","***","","***","","***","","***","","***","","***","","***","","16","","***","","157","","***","","***","","***","","***",""
"1993100000","1993年度","40135","福岡県 福岡市 西区","","***","","***","","***","","***","","***","","***","","***","","***","","***","","***","","***","","***","","***","","***","","***","","***","","***","","***","","16","","***","","83","","***","","***","","***","","***",""
"1993100000","1993年度","40136","福岡県 福岡市 城南区","","***","","***","","***","","***","","***","","***","","***","","***","","***","","***","","***","","***","","***","","***","","***","","***","","***","","***","","7","","***","","77","","***","","***","","***","","***",""
"1993100000","1993年度","40137","福岡県 福岡市 早良区","","***","","***","","***","","***","","***","","***","","***","","***","","***","","***","","***","","***","","***","","***","","***","","***","","***","","***","","15","","***","","141","","***","","***","","***","","***",""
"1992100000","1992年度","40130","福岡県 福岡市","","***","","***","","***","","***","","***","","***","","***","","***","","***","","***","","***","","***","","***","","***","","***","","***","","***","","***","","116","","***","","1,030","","***","","***","","***","","***",""
"1992100000","1992年度","40131","福岡県 福岡市 東区","","***","","***","","***","","***","","***","","***","","***","","***","","***","","***","","***","","***","","***","","***","","***","","***","","***","","***","","21","","***","","148","","***","","***","","***","","***",""
"1992100000","1992年度","40132","福岡県 福岡市 博多区","","***","","***","","***","","***","","***","","***","","***","","***","","***","","***","","***","","***","","***","","***","","***","","***","","***","","***","","20","","***","","197","","***","","***","","***","","***",""
"1992100000","1992年度","40133","福岡県 福岡市 中央区","","***","","***","","***","","***","","***","","***","","***","","***","","***","","***","","***","","***","","***","","***","","***","","***","","***","","***","","21","","***","","243","","***","","***","","***","","***",""
"1992100000","1992年度","40134","福岡県 福岡市 南区","","***","","***","","***","","***","","***","","***","","***","","***","","***","","***","","***","","***","","***","","***","","***","","***","","***","","***","","16","","***","","151","","***","","***","","***","","***",""
"1992100000","1992年度","40135","福岡県 福岡市 西区","","***","","***","","***","","***","","***","","***","","***","","***","","***","","***","","***","","***","","***","","***","","***","","***","","***","","***","","16","","***","","78","","***","","***","","***","","***",""
"1992100000","1992年度","40136","福岡県 福岡市 城南区","","***","","***","","***","","***","","***","","***","","***","","***","","***","","***","","***","","***","","***","","***","","***","","***","","***","","***","","7","","***","","74","","***","","***","","***","","***",""
"1992100000","1992年度","40137","福岡県 福岡市 早良区","","***","","***","","***","","***","","***","","***","","***","","***","","***","","***","","***","","***","","***","","***","","***","","***","","***","","***","","15","","***","","139","","***","","***","","***","","***",""
"1991100000","1991年度","40130","福岡県 福岡市","","***","","***","","***","","***","","***","","***","","***","","***","","***","","***","","***","","***","","***","","***","","***","","***","","***","","***","","115","","***","","1,007","","***","","***","","***","","***",""
"1991100000","1991年度","40131","福岡県 福岡市 東区","","***","","***","","***","","***","","***","","***","","***","","***","","***","","***","","***","","***","","***","","***","","***","","***","","***","","***","","21","","***","","141","","***","","***","","***","","***",""
"1991100000","1991年度","40132","福岡県 福岡市 博多区","","***","","***","","***","","***","","***","","***","","***","","***","","***","","***","","***","","***","","***","","***","","***","","***","","***","","***","","20","","***","","198","","***","","***","","***","","***",""
"1991100000","1991年度","40133","福岡県 福岡市 中央区","","***","","***","","***","","***","","***","","***","","***","","***","","***","","***","","***","","***","","***","","***","","***","","***","","***","","***","","21","","***","","238","","***","","***","","***","","***",""
"1991100000","1991年度","40134","福岡県 福岡市 南区","","***","","***","","***","","***","","***","","***","","***","","***","","***","","***","","***","","***","","***","","***","","***","","***","","***","","***","","16","","***","","144","","***","","***","","***","","***",""
"1991100000","1991年度","40135","福岡県 福岡市 西区","","***","","***","","***","","***","","***","","***","","***","","***","","***","","***","","***","","***","","***","","***","","***","","***","","***","","***","","15","","***","","75","","***","","***","","***","","***",""
"1991100000","1991年度","40136","福岡県 福岡市 城南区","","***","","***","","***","","***","","***","","***","","***","","***","","***","","***","","***","","***","","***","","***","","***","","***","","***","","***","","7","","***","","72","","***","","***","","***","","***",""
"1991100000","1991年度","40137","福岡県 福岡市 早良区","","***","","***","","***","","***","","***","","***","","***","","***","","***","","***","","***","","***","","***","","***","","***","","***","","***","","***","","15","","***","","139","","***","","***","","***","","***",""
"1990100000","1990年度","40130","福岡県 福岡市","","***","","***","","***","","***","","***","","***","","***","","***","","***","","***","","***","","***","","***","","***","","***","","***","","490,915","","***","","116","","***","","991","","***","","***","","***","","***",""
"1990100000","1990年度","40131","福岡県 福岡市 東区","","***","","***","","***","","***","","***","","***","","***","","***","","***","","***","","***","","***","","***","","***","","***","","***","","95,050","","***","","22","","***","","139","","***","","***","","***","","***",""
"1990100000","1990年度","40132","福岡県 福岡市 博多区","","***","","***","","***","","***","","***","","***","","***","","***","","***","","***","","***","","***","","***","","***","","***","","***","","71,916","","***","","20","","***","","197","","***","","***","","***","","***",""
"1990100000","1990年度","40133","福岡県 福岡市 中央区","","***","","***","","***","","***","","***","","***","","***","","***","","***","","***","","***","","***","","***","","***","","***","","***","","67,424","","***","","21","","***","","237","","***","","***","","***","","***",""
"1990100000","1990年度","40134","福岡県 福岡市 南区","","***","","***","","***","","***","","***","","***","","***","","***","","***","","***","","***","","***","","***","","***","","***","","***","","90,109","","***","","16","","***","","142","","***","","***","","***","","***",""
"1990100000","1990年度","40135","福岡県 福岡市 西区","","***","","***","","***","","***","","***","","***","","***","","***","","***","","***","","***","","***","","***","","***","","***","","***","","45,139","","***","","15","","***","","73","","***","","***","","***","","***",""
"1990100000","1990年度","40136","福岡県 福岡市 城南区","","***","","***","","***","","***","","***","","***","","***","","***","","***","","***","","***","","***","","***","","***","","***","","***","","53,798","","***","","7","","***","","69","","***","","***","","***","","***",""
"1990100000","1990年度","40137","福岡県 福岡市 早良区","","***","","***","","***","","***","","***","","***","","***","","***","","***","","***","","***","","***","","***","","***","","***","","***","","67,479","","***","","15","","***","","134","","***","","***","","***","","***",""
"1989100000","1989年度","40130","福岡県 福岡市","","***","","***","","***","","***","","***","","***","","***","","***","","***","","***","","***","","***","","***","","***","","***","","***","","***","","***","","116","","***","","965","","***","","***","","***","","***",""
"1989100000","1989年度","40131","福岡県 福岡市 東区","","***","","***","","***","","***","","***","","***","","***","","***","","***","","***","","***","","***","","***","","***","","***","","***","","***","","***","","21","","***","","124","","***","","***","","***","","***",""
"1989100000","1989年度","40132","福岡県 福岡市 博多区","","***","","***","","***","","***","","***","","***","","***","","***","","***","","***","","***","","***","","***","","***","","***","","***","","***","","***","","21","","***","","205","","***","","***","","***","","***",""
"1989100000","1989年度","40133","福岡県 福岡市 中央区","","***","","***","","***","","***","","***","","***","","***","","***","","***","","***","","***","","***","","***","","***","","***","","***","","***","","***","","22","","***","","225","","***","","***","","***","","***",""
"1989100000","1989年度","40134","福岡県 福岡市 南区","","***","","***","","***","","***","","***","","***","","***","","***","","***","","***","","***","","***","","***","","***","","***","","***","","***","","***","","16","","***","","145","","***","","***","","***","","***",""
"1989100000","1989年度","40135","福岡県 福岡市 西区","","***","","***","","***","","***","","***","","***","","***","","***","","***","","***","","***","","***","","***","","***","","***","","***","","***","","***","","15","","***","","67","","***","","***","","***","","***",""
"1989100000","1989年度","40136","福岡県 福岡市 城南区","","***","","***","","***","","***","","***","","***","","***","","***","","***","","***","","***","","***","","***","","***","","***","","***","","***","","***","","7","","***","","67","","***","","***","","***","","***",""
"1989100000","1989年度","40137","福岡県 福岡市 早良区","","***","","***","","***","","***","","***","","***","","***","","***","","***","","***","","***","","***","","***","","***","","***","","***","","***","","***","","14","","***","","132","","***","","***","","***","","***",""
"1988100000","1988年度","40130","福岡県 福岡市","","***","","***","","***","","***","","***","","***","","***","","***","","***","","***","","***","","***","","***","","***","","***","","***","","***","","***","","129","","***","","952","","***","","***","","***","","***",""
"1988100000","1988年度","40131","福岡県 福岡市 東区","","***","","***","","***","","***","","***","","***","","***","","***","","***","","***","","***","","***","","***","","***","","***","","***","","***","","***","","21","","***","","119","","***","","***","","***","","***",""
"1988100000","1988年度","40132","福岡県 福岡市 博多区","","***","","***","","***","","***","","***","","***","","***","","***","","***","","***","","***","","***","","***","","***","","***","","***","","***","","***","","22","","***","","204","","***","","***","","***","","***",""
"1988100000","1988年度","40133","福岡県 福岡市 中央区","","***","","***","","***","","***","","***","","***","","***","","***","","***","","***","","***","","***","","***","","***","","***","","***","","***","","***","","24","","***","","232","","***","","***","","***","","***",""
"1988100000","1988年度","40134","福岡県 福岡市 南区","","***","","***","","***","","***","","***","","***","","***","","***","","***","","***","","***","","***","","***","","***","","***","","***","","***","","***","","19","","***","","143","","***","","***","","***","","***",""
"1988100000","1988年度","40135","福岡県 福岡市 西区","","***","","***","","***","","***","","***","","***","","***","","***","","***","","***","","***","","***","","***","","***","","***","","***","","***","","***","","21","","***","","61","","***","","***","","***","","***",""
"1988100000","1988年度","40136","福岡県 福岡市 城南区","","***","","***","","***","","***","","***","","***","","***","","***","","***","","***","","***","","***","","***","","***","","***","","***","","***","","***","","8","","***","","67","","***","","***","","***","","***",""
"1988100000","1988年度","40137","福岡県 福岡市 早良区","","***","","***","","***","","***","","***","","***","","***","","***","","***","","***","","***","","***","","***","","***","","***","","***","","***","","***","","14","","***","","126","","***","","***","","***","","***",""
"1987100000","1987年度","40130","福岡県 福岡市","","***","","***","","***","","***","","***","","***","","***","","***","","***","","***","","***","","***","","***","","***","","***","","***","","***","","***","","125","","***","","950","","***","","***","","***","","***",""
"1987100000","1987年度","40131","福岡県 福岡市 東区","","***","","***","","***","","***","","***","","***","","***","","***","","***","","***","","***","","***","","***","","***","","***","","***","","***","","***","","21","","***","","120","","***","","***","","***","","***",""
"1987100000","1987年度","40132","福岡県 福岡市 博多区","","***","","***","","***","","***","","***","","***","","***","","***","","***","","***","","***","","***","","***","","***","","***","","***","","***","","***","","23","","***","","200","","***","","***","","***","","***",""
"1987100000","1987年度","40133","福岡県 福岡市 中央区","","***","","***","","***","","***","","***","","***","","***","","***","","***","","***","","***","","***","","***","","***","","***","","***","","***","","***","","24","","***","","239","","***","","***","","***","","***",""
"1987100000","1987年度","40134","福岡県 福岡市 南区","","***","","***","","***","","***","","***","","***","","***","","***","","***","","***","","***","","***","","***","","***","","***","","***","","***","","***","","17","","***","","144","","***","","***","","***","","***",""
"1987100000","1987年度","40135","福岡県 福岡市 西区","","***","","***","","***","","***","","***","","***","","***","","***","","***","","***","","***","","***","","***","","***","","***","","***","","***","","***","","20","","***","","59","","***","","***","","***","","***",""
"1987100000","1987年度","40136","福岡県 福岡市 城南区","","***","","***","","***","","***","","***","","***","","***","","***","","***","","***","","***","","***","","***","","***","","***","","***","","***","","***","","7","","***","","66","","***","","***","","***","","***",""
"1987100000","1987年度","40137","福岡県 福岡市 早良区","","***","","***","","***","","***","","***","","***","","***","","***","","***","","***","","***","","***","","***","","***","","***","","***","","***","","***","","13","","***","","122","","***","","***","","***","","***",""
"1986100000","1986年度","40130","福岡県 福岡市","","***","","***","","***","","***","","***","","***","","***","","***","","***","","***","","***","","***","","***","","***","","***","","***","","***","","***","","103","","***","","950","","***","","***","","***","","***",""
"1986100000","1986年度","40131","福岡県 福岡市 東区","","***","","***","","***","","***","","***","","***","","***","","***","","***","","***","","***","","***","","***","","***","","***","","***","","***","","***","","15","","***","","122","","***","","***","","***","","***",""
"1986100000","1986年度","40132","福岡県 福岡市 博多区","","***","","***","","***","","***","","***","","***","","***","","***","","***","","***","","***","","***","","***","","***","","***","","***","","***","","***","","23","","***","","200","","***","","***","","***","","***",""
"1986100000","1986年度","40133","福岡県 福岡市 中央区","","***","","***","","***","","***","","***","","***","","***","","***","","***","","***","","***","","***","","***","","***","","***","","***","","***","","***","","19","","***","","243","","***","","***","","***","","***",""
"1986100000","1986年度","40134","福岡県 福岡市 南区","","***","","***","","***","","***","","***","","***","","***","","***","","***","","***","","***","","***","","***","","***","","***","","***","","***","","***","","15","","***","","146","","***","","***","","***","","***",""
"1986100000","1986年度","40135","福岡県 福岡市 西区","","***","","***","","***","","***","","***","","***","","***","","***","","***","","***","","***","","***","","***","","***","","***","","***","","***","","***","","14","","***","","57","","***","","***","","***","","***",""
"1986100000","1986年度","40136","福岡県 福岡市 城南区","","***","","***","","***","","***","","***","","***","","***","","***","","***","","***","","***","","***","","***","","***","","***","","***","","***","","***","","5","","***","","64","","***","","***","","***","","***",""
"1986100000","1986年度","40137","福岡県 福岡市 早良区","","***","","***","","***","","***","","***","","***","","***","","***","","***","","***","","***","","***","","***","","***","","***","","***","","***","","***","","12","","***","","118","","***","","***","","***","","***",""
"1985100000","1985年度","40130","福岡県 福岡市","","***","","***","","***","","***","","***","","***","","***","","***","","***","","***","","***","","***","","***","","***","","***","","***","","433,348","","***","","102","","***","","962","","***","","***","","***","","***",""
"1985100000","1985年度","40131","福岡県 福岡市 東区","","***","","***","","***","","***","","***","","***","","***","","***","","***","","***","","***","","***","","***","","***","","***","","***","","80,500","","***","","15","","***","","120","","***","","***","","***","","***",""
"1985100000","1985年度","40132","福岡県 福岡市 博多区","","***","","***","","***","","***","","***","","***","","***","","***","","***","","***","","***","","***","","***","","***","","***","","***","","65,158","","***","","23","","***","","204","","***","","***","","***","","***",""
"1985100000","1985年度","40133","福岡県 福岡市 中央区","","***","","***","","***","","***","","***","","***","","***","","***","","***","","***","","***","","***","","***","","***","","***","","***","","62,257","","***","","19","","***","","247","","***","","***","","***","","***",""
"1985100000","1985年度","40134","福岡県 福岡市 南区","","***","","***","","***","","***","","***","","***","","***","","***","","***","","***","","***","","***","","***","","***","","***","","***","","78,592","","***","","14","","***","","150","","***","","***","","***","","***",""
"1985100000","1985年度","40135","福岡県 福岡市 西区","","***","","***","","***","","***","","***","","***","","***","","***","","***","","***","","***","","***","","***","","***","","***","","***","","37,294","","***","","15","","***","","57","","***","","***","","***","","***",""
"1985100000","1985年度","40136","福岡県 福岡市 城南区","","***","","***","","***","","***","","***","","***","","***","","***","","***","","***","","***","","***","","***","","***","","***","","***","","49,458","","***","","5","","***","","63","","***","","***","","***","","***",""
"1985100000","1985年度","40137","福岡県 福岡市 早良区","","***","","***","","***","","***","","***","","***","","***","","***","","***","","***","","***","","***","","***","","***","","***","","***","","60,089","","***","","11","","***","","121","","***","","***","","***","","***",""
"1984100000","1984年度","40130","福岡県 福岡市","","***","","***","","***","","***","","***","","***","","***","","***","","***","","***","","***","","***","","***","","***","","***","","***","","***","","***","","102","","***","","968","","***","","***","","***","","***",""
"1984100000","1984年度","40131","福岡県 福岡市 東区","","***","","***","","***","","***","","***","","***","","***","","***","","***","","***","","***","","***","","***","","***","","***","","***","","***","","***","","15","","***","","120","","***","","***","","***","","***",""
"1984100000","1984年度","40132","福岡県 福岡市 博多区","","***","","***","","***","","***","","***","","***","","***","","***","","***","","***","","***","","***","","***","","***","","***","","***","","***","","***","","23","","***","","206","","***","","***","","***","","***",""
"1984100000","1984年度","40133","福岡県 福岡市 中央区","","***","","***","","***","","***","","***","","***","","***","","***","","***","","***","","***","","***","","***","","***","","***","","***","","***","","***","","19","","***","","252","","***","","***","","***","","***",""
"1984100000","1984年度","40134","福岡県 福岡市 南区","","***","","***","","***","","***","","***","","***","","***","","***","","***","","***","","***","","***","","***","","***","","***","","***","","***","","***","","14","","***","","148","","***","","***","","***","","***",""
"1984100000","1984年度","40135","福岡県 福岡市 西区","","***","","***","","***","","***","","***","","***","","***","","***","","***","","***","","***","","***","","***","","***","","***","","***","","***","","***","","15","","***","","55","","***","","***","","***","","***",""
"1984100000","1984年度","40136","福岡県 福岡市 城南区","","***","","***","","***","","***","","***","","***","","***","","***","","***","","***","","***","","***","","***","","***","","***","","***","","***","","***","","5","","***","","64","","***","","***","","***","","***",""
"1984100000","1984年度","40137","福岡県 福岡市 早良区","","***","","***","","***","","***","","***","","***","","***","","***","","***","","***","","***","","***","","***","","***","","***","","***","","***","","***","","11","","***","","123","","***","","***","","***","","***",""
"1983100000","1983年度","40130","福岡県 福岡市","","***","","***","","***","","***","","***","","***","","***","","***","","***","","***","","***","","***","","***","","***","","***","","***","","***","","***","","102","","***","","974","","***","","***","","***","","***",""
"1983100000","1983年度","40131","福岡県 福岡市 東区","","***","","***","","***","","***","","***","","***","","***","","***","","***","","***","","***","","***","","***","","***","","***","","***","","***","","***","","15","","***","","120","","***","","***","","***","","***",""
"1983100000","1983年度","40132","福岡県 福岡市 博多区","","***","","***","","***","","***","","***","","***","","***","","***","","***","","***","","***","","***","","***","","***","","***","","***","","***","","***","","23","","***","","204","","***","","***","","***","","***",""
"1983100000","1983年度","40133","福岡県 福岡市 中央区","","***","","***","","***","","***","","***","","***","","***","","***","","***","","***","","***","","***","","***","","***","","***","","***","","***","","***","","19","","***","","253","","***","","***","","***","","***",""
"1983100000","1983年度","40134","福岡県 福岡市 南区","","***","","***","","***","","***","","***","","***","","***","","***","","***","","***","","***","","***","","***","","***","","***","","***","","***","","***","","14","","***","","149","","***","","***","","***","","***",""
"1983100000","1983年度","40135","福岡県 福岡市 西区","","***","","***","","***","","***","","***","","***","","***","","***","","***","","***","","***","","***","","***","","***","","***","","***","","***","","***","","16","","***","","57","","***","","***","","***","","***",""
"1983100000","1983年度","40136","福岡県 福岡市 城南区","","***","","***","","***","","***","","***","","***","","***","","***","","***","","***","","***","","***","","***","","***","","***","","***","","***","","***","","5","","***","","64","","***","","***","","***","","***",""
"1983100000","1983年度","40137","福岡県 福岡市 早良区","","***","","***","","***","","***","","***","","***","","***","","***","","***","","***","","***","","***","","***","","***","","***","","***","","***","","***","","10","","***","","127","","***","","***","","***","","***",""
"1982100000","1982年度","40130","福岡県 福岡市","","***","","***","","***","","***","","***","","***","","***","","***","","***","","***","","***","","***","","***","","***","","***","","***","","***","","***","","100","","***","","973","","***","","***","","***","","***",""
"1982100000","1982年度","40131","福岡県 福岡市 東区","","***","","***","","***","","***","","***","","***","","***","","***","","***","","***","","***","","***","","***","","***","","***","","***","","***","","***","","15","","***","","121","","***","","***","","***","","***",""
"1982100000","1982年度","40132","福岡県 福岡市 博多区","","***","","***","","***","","***","","***","","***","","***","","***","","***","","***","","***","","***","","***","","***","","***","","***","","***","","***","","23","","***","","206","","***","","***","","***","","***",""
"1982100000","1982年度","40133","福岡県 福岡市 中央区","","***","","***","","***","","***","","***","","***","","***","","***","","***","","***","","***","","***","","***","","***","","***","","***","","***","","***","","19","","***","","248","","***","","***","","***","","***",""
"1982100000","1982年度","40134","福岡県 福岡市 南区","","***","","***","","***","","***","","***","","***","","***","","***","","***","","***","","***","","***","","***","","***","","***","","***","","***","","***","","14","","***","","148","","***","","***","","***","","***",""
"1982100000","1982年度","40135","福岡県 福岡市 西区","","***","","***","","***","","***","","***","","***","","***","","***","","***","","***","","***","","***","","***","","***","","***","","***","","***","","***","","29","","***","","242","","***","","***","","***","","***",""
"1982100000","1982年度","40136","福岡県 福岡市 城南区","","***","","***","","***","","***","","***","","***","","***","","***","","***","","***","","***","","***","","***","","***","","***","","***","","***","","***","","-","","***","","3","","***","","***","","***","","***",""
"1982100000","1982年度","40137","福岡県 福岡市 早良区","","***","","***","","***","","***","","***","","***","","***","","***","","***","","***","","***","","***","","***","","***","","***","","***","","***","","***","","-","","***","","5","","***","","***","","***","","***",""
"1981100000","1981年度","40130","福岡県 福岡市","","***","","***","","***","","***","","***","","***","","***","","***","","***","","***","","***","","***","","***","","***","","***","","***","","***","","***","","-","","***","","-","","***","","***","","***","","***",""
"1981100000","1981年度","40131","福岡県 福岡市 東区","","***","","***","","***","","***","","***","","***","","***","","***","","***","","***","","***","","***","","***","","***","","***","","***","","***","","***","","-","","***","","-","","***","","***","","***","","***",""
"1981100000","1981年度","40132","福岡県 福岡市 博多区","","***","","***","","***","","***","","***","","***","","***","","***","","***","","***","","***","","***","","***","","***","","***","","***","","***","","***","","-","","***","","-","","***","","***","","***","","***",""
"1981100000","1981年度","40133","福岡県 福岡市 中央区","","***","","***","","***","","***","","***","","***","","***","","***","","***","","***","","***","","***","","***","","***","","***","","***","","***","","***","","-","","***","","-","","***","","***","","***","","***",""
"1981100000","1981年度","40134","福岡県 福岡市 南区","","***","","***","","***","","***","","***","","***","","***","","***","","***","","***","","***","","***","","***","","***","","***","","***","","***","","***","","-","","***","","-","","***","","***","","***","","***",""
"1981100000","1981年度","40135","福岡県 福岡市 西区","","***","","***","","***","","***","","***","","***","","***","","***","","***","","***","","***","","***","","***","","***","","***","","***","","***","","***","","-","","***","","-","","***","","***","","***","","***",""
"1980100000","1980年度","40130","福岡県 福岡市","","***","","***","","***","","***","","***","","***","","***","","***","","***","","***","","***","","***","","***","","***","","***","","***","","395,158","","***","","-","","***","","-","","***","","***","","***","","***",""
"1980100000","1980年度","40131","福岡県 福岡市 東区","","***","","***","","***","","***","","***","","***","","***","","***","","***","","***","","***","","***","","***","","***","","***","","***","","71,775","","***","","-","","***","","-","","***","","***","","***","","***",""
"1980100000","1980年度","40132","福岡県 福岡市 博多区","","***","","***","","***","","***","","***","","***","","***","","***","","***","","***","","***","","***","","***","","***","","***","","***","","62,285","","***","","-","","***","","-","","***","","***","","***","","***",""
"1980100000","1980年度","40133","福岡県 福岡市 中央区","","***","","***","","***","","***","","***","","***","","***","","***","","***","","***","","***","","***","","***","","***","","***","","***","","52,774","","***","","-","","***","","-","","***","","***","","***","","***",""
"1980100000","1980年度","40134","福岡県 福岡市 南区","","***","","***","","***","","***","","***","","***","","***","","***","","***","","***","","***","","***","","***","","***","","***","","***","","73,427","","***","","-","","***","","-","","***","","***","","***","","***",""
"1980100000","1980年度","40135","福岡県 福岡市 西区","","***","","***","","***","","***","","***","","***","","***","","***","","***","","***","","***","","***","","***","","***","","***","","***","","134,897","","***","","-","","***","","-","","***","","***","","***","","***",""
